,params,rmse
0,"(1, 2, 2)x(1, 1, 2, 12)",1091.880235027418
1,"(2, 0, 1)x(2, 1, 2, 12)",1132.4506450580895
2,"(0, 1, 0)x(1, 1, 2, 12)",1163.6960221702252
3,"(1, 1, 1)x(1, 1, 2, 12)",1181.1501726204267
4,"(0, 1, 1)x(2, 2, 2, 12)",1238.7173157028503
5,"(2, 0, 0)x(2, 1, 0, 12)",1253.835003204915
6,"(2, 1, 2)x(2, 1, 0, 12)",1279.6619382975903
7,"(2, 0, 1)x(2, 1, 0, 12)",1283.4390694260728
8,"(2, 1, 2)x(1, 1, 0, 12)",1291.0596636464272
9,"(1, 1, 2)x(2, 1, 0, 12)",1296.7057242883068
10,"(0, 1, 2)x(1, 1, 0, 12)",1300.2109135840171
11,"(1, 1, 2)x(1, 1, 1, 12)",1305.9246235362589
12,"(2, 1, 1)x(2, 1, 0, 12)",1307.013401971217
13,"(0, 1, 2)x(1, 1, 1, 12)",1310.1101568906813
14,"(0, 1, 0)x(2, 1, 1, 12)",1328.9025585265433
15,"(2, 0, 2)x(1, 1, 2, 12)",1329.908498775505
16,"(0, 1, 0)x(1, 1, 0, 12)",1330.6453512938526
17,"(2, 1, 0)x(1, 1, 0, 12)",1340.9754647163359
18,"(2, 1, 0)x(2, 1, 1, 12)",1343.9234975361426
19,"(0, 1, 0)x(2, 1, 0, 12)",1344.3973871576782
20,"(0, 1, 0)x(1, 1, 1, 12)",1348.129059166434
21,"(1, 0, 2)x(1, 2, 1, 12)",1352.6576883721386
22,"(0, 1, 2)x(2, 2, 1, 12)",1361.5028829294106
23,"(1, 1, 2)x(1, 2, 1, 12)",1371.5485028688113
24,"(0, 1, 2)x(1, 2, 1, 12)",1387.5977027508593
25,"(2, 1, 1)x(1, 2, 1, 12)",1389.640377104417
26,"(2, 0, 0)x(2, 1, 1, 12)",1394.1001604597884
27,"(1, 1, 1)x(1, 2, 2, 12)",1395.0156685261745
28,"(0, 1, 0)x(1, 2, 2, 12)",1396.7557145512606
29,"(0, 2, 1)x(1, 1, 2, 12)",1397.2762393429302
30,"(0, 1, 0)x(2, 2, 1, 12)",1400.3130775548118
31,"(0, 1, 2)x(2, 2, 2, 12)",1403.4022676950383
32,"(1, 1, 1)x(2, 2, 1, 12)",1410.5258602670708
33,"(0, 1, 0)x(1, 2, 1, 12)",1416.2351304118608
34,"(1, 1, 1)x(1, 2, 1, 12)",1416.8851921807543
35,"(0, 1, 1)x(1, 2, 1, 12)",1419.3216874514294
36,"(0, 2, 0)x(2, 2, 2, 12)",1421.5495010448042
37,"(2, 0, 0)x(1, 1, 2, 12)",1425.5479018420478
38,"(2, 1, 0)x(1, 2, 2, 12)",1433.0620796722687
39,"(0, 1, 2)x(1, 2, 2, 12)",1440.4976071351252
40,"(2, 1, 0)x(2, 2, 2, 12)",1452.7873598298038
41,"(1, 0, 2)x(1, 2, 2, 12)",1453.3871732370858
42,"(0, 2, 0)x(1, 2, 1, 12)",1458.5174498344845
43,"(2, 1, 0)x(1, 2, 1, 12)",1458.8544577824382
44,"(2, 1, 1)x(1, 1, 2, 12)",1458.9558586694213
45,"(2, 2, 0)x(2, 1, 2, 12)",1459.0668455627572
46,"(1, 1, 0)x(1, 1, 2, 12)",1461.5285808439785
47,"(1, 1, 2)x(2, 1, 1, 12)",1467.7282054460616
48,"(2, 1, 0)x(2, 2, 1, 12)",1481.7063264559565
49,"(0, 1, 0)x(2, 1, 2, 12)",1488.0112677217808
50,"(0, 2, 0)x(2, 2, 1, 12)",1490.3526234054207
51,"(2, 2, 2)x(1, 1, 1, 12)",1492.0838682712292
52,"(2, 0, 1)x(1, 2, 1, 12)",1516.2223843691643
53,"(1, 1, 1)x(1, 1, 0, 12)",1527.1544483906769
54,"(1, 1, 0)x(2, 1, 2, 12)",1530.9959903228869
55,"(2, 2, 2)x(2, 1, 2, 12)",1535.313978596817
56,"(1, 1, 2)x(1, 1, 2, 12)",1536.8620441397522
57,"(0, 1, 1)x(1, 1, 2, 12)",1536.964377215631
58,"(1, 0, 0)x(1, 2, 2, 12)",1541.244829894871
59,"(2, 1, 0)x(1, 1, 2, 12)",1548.1372309563521
60,"(2, 0, 2)x(1, 2, 1, 12)",1558.8245689589182
61,"(1, 1, 2)x(1, 2, 2, 12)",1563.9397966473016
62,"(0, 1, 2)x(1, 1, 2, 12)",1567.3564002201492
63,"(1, 1, 1)x(1, 1, 1, 12)",1598.084096923541
64,"(2, 0, 1)x(2, 0, 2, 12)",1601.5341844392628
65,"(1, 1, 0)x(1, 1, 0, 12)",1602.1527047627037
66,"(1, 0, 0)x(2, 0, 2, 12)",1603.044883277713
67,"(0, 1, 1)x(2, 1, 1, 12)",1605.0273725581155
68,"(1, 0, 0)x(1, 2, 1, 12)",1632.0910597608415
69,"(1, 1, 0)x(2, 1, 0, 12)",1645.8829460565491
70,"(2, 0, 1)x(1, 1, 0, 12)",1647.3673066828924
71,"(2, 1, 2)x(2, 1, 1, 12)",1647.9256049511787
72,"(1, 0, 1)x(2, 1, 1, 12)",1649.5263886406635
73,"(2, 1, 1)x(1, 1, 1, 12)",1665.2593260593967
74,"(1, 1, 0)x(1, 1, 1, 12)",1667.6709393613924
75,"(0, 2, 1)x(2, 0, 1, 12)",1668.1991286132934
76,"(2, 0, 2)x(1, 1, 1, 12)",1671.1251662791312
77,"(0, 1, 1)x(1, 1, 0, 12)",1676.6897646911868
78,"(2, 0, 0)x(1, 2, 0, 12)",1680.0822273959027
79,"(1, 0, 2)x(2, 0, 2, 12)",1689.4532410910203
80,"(1, 0, 2)x(1, 2, 0, 12)",1690.4960092291228
81,"(1, 1, 0)x(1, 2, 2, 12)",1699.838924507402
82,"(1, 0, 2)x(1, 1, 1, 12)",1706.0322930208004
83,"(0, 1, 0)x(2, 2, 2, 12)",1722.9122465053304
84,"(0, 1, 1)x(2, 1, 0, 12)",1725.374109536001
85,"(0, 1, 0)x(2, 0, 2, 12)",1733.9187483063426
86,"(1, 1, 1)x(2, 1, 0, 12)",1741.7556680091182
87,"(0, 2, 1)x(2, 0, 2, 12)",1745.745397386873
88,"(0, 1, 2)x(2, 1, 0, 12)",1747.0195599803258
89,"(1, 2, 2)x(2, 0, 1, 12)",1751.601809930741
90,"(0, 1, 1)x(1, 1, 1, 12)",1751.8577981556118
91,"(2, 1, 0)x(2, 1, 0, 12)",1755.1367891909747
92,"(1, 0, 0)x(1, 1, 0, 12)",1770.3852097977447
93,"(0, 0, 2)x(1, 2, 0, 12)",1772.7456372379895
94,"(2, 1, 0)x(1, 1, 1, 12)",1790.953132768107
95,"(1, 0, 0)x(2, 1, 0, 12)",1803.0332451716831
96,"(1, 0, 2)x(1, 1, 2, 12)",1804.069542286523
97,"(1, 0, 0)x(1, 1, 1, 12)",1815.299658563375
98,"(2, 1, 1)x(2, 1, 1, 12)",1853.9492522353287
99,"(1, 2, 2)x(2, 1, 0, 12)",1896.6623370380366
100,"(2, 2, 1)x(1, 1, 2, 12)",1898.9305584023314
101,"(2, 0, 0)x(2, 0, 2, 12)",1914.6125568514378
102,"(1, 1, 0)x(2, 2, 1, 12)",1915.7153570251867
103,"(2, 0, 2)x(2, 1, 2, 12)",1932.839705345205
104,"(0, 1, 0)x(2, 2, 0, 12)",1948.6695482619537
105,"(2, 1, 2)x(2, 0, 2, 12)",1962.0495782785408
106,"(1, 0, 2)x(2, 1, 1, 12)",1969.2960384369178
107,"(2, 1, 2)x(1, 1, 2, 12)",1969.9153109681463
108,"(0, 2, 2)x(2, 2, 0, 12)",1976.1471337622472
109,"(2, 0, 2)x(2, 2, 2, 12)",1979.0400769527637
110,"(0, 0, 1)x(2, 1, 1, 12)",1987.4386710314557
111,"(0, 1, 1)x(2, 2, 0, 12)",1991.5532872796912
112,"(1, 0, 1)x(2, 0, 2, 12)",2003.1368360490246
113,"(1, 2, 2)x(2, 0, 2, 12)",2009.3359272466407
114,"(0, 1, 0)x(2, 0, 0, 12)",2012.071991735172
115,"(2, 0, 2)x(1, 1, 0, 12)",2015.2337269650395
116,"(1, 0, 2)x(2, 2, 0, 12)",2020.9613468992993
117,"(2, 2, 0)x(2, 2, 2, 12)",2021.5379431366582
118,"(1, 2, 1)x(2, 2, 0, 12)",2024.5372061547255
119,"(0, 0, 1)x(1, 2, 0, 12)",2026.6600322489855
120,"(2, 0, 2)x(2, 2, 1, 12)",2028.4811615653027
121,"(1, 2, 2)x(1, 1, 0, 12)",2034.2438201640173
122,"(1, 0, 1)x(1, 1, 0, 12)",2035.8879227574532
123,"(0, 1, 0)x(2, 0, 1, 12)",2050.994885486767
124,"(0, 0, 1)x(1, 1, 2, 12)",2059.41688233239
125,"(2, 1, 0)x(2, 0, 2, 12)",2059.9005627341407
126,"(1, 0, 2)x(1, 1, 0, 12)",2072.023255233557
127,"(0, 2, 1)x(1, 1, 1, 12)",2072.862636356944
128,"(0, 2, 1)x(1, 1, 0, 12)",2075.4028643572433
129,"(0, 1, 2)x(2, 0, 2, 12)",2090.5555567324723
130,"(2, 0, 1)x(1, 2, 2, 12)",2093.5881997047654
131,"(2, 0, 2)x(2, 1, 0, 12)",2094.931498910673
132,"(2, 1, 2)x(2, 2, 0, 12)",2100.4298833947296
133,"(2, 0, 0)x(1, 1, 0, 12)",2100.449992668612
134,"(1, 1, 1)x(2, 0, 2, 12)",2100.7902628163056
135,"(2, 1, 1)x(1, 2, 0, 12)",2104.218984661296
136,"(2, 0, 1)x(2, 1, 1, 12)",2104.2949584522867
137,"(0, 0, 0)x(2, 2, 0, 12)",2105.381709964442
138,"(2, 0, 1)x(1, 1, 1, 12)",2111.84303848207
139,"(1, 2, 0)x(1, 1, 0, 12)",2127.627517288149
140,"(1, 0, 1)x(1, 1, 1, 12)",2131.017415712923
141,"(0, 1, 1)x(2, 0, 2, 12)",2137.6653177541752
142,"(2, 0, 0)x(1, 1, 1, 12)",2143.9759927403625
143,"(1, 1, 0)x(2, 0, 2, 12)",2161.2880133313247
144,"(2, 1, 1)x(2, 1, 2, 12)",2179.006767612189
145,"(0, 0, 2)x(2, 1, 1, 12)",2193.2781362191927
146,"(0, 0, 0)x(2, 1, 1, 12)",2195.094929225854
147,"(1, 0, 1)x(2, 1, 0, 12)",2206.81529477696
148,"(0, 0, 1)x(2, 2, 0, 12)",2215.67773594506
149,"(0, 1, 1)x(1, 2, 0, 12)",2224.730126241016
150,"(2, 1, 2)x(2, 1, 2, 12)",2226.0014479221413
151,"(2, 2, 1)x(1, 1, 0, 12)",2236.0026426548775
152,"(2, 0, 2)x(1, 2, 2, 12)",2237.3345388896296
153,"(2, 2, 2)x(2, 0, 1, 12)",2250.690297975038
154,"(2, 2, 2)x(2, 0, 0, 12)",2252.2916178485657
155,"(0, 0, 0)x(1, 2, 0, 12)",2254.0362208803067
156,"(0, 0, 0)x(2, 0, 2, 12)",2277.758926815282
157,"(0, 0, 0)x(1, 1, 2, 12)",2278.8753092518064
158,"(0, 2, 2)x(2, 0, 2, 12)",2283.5712028166436
159,"(1, 1, 1)x(2, 2, 0, 12)",2286.9148342441486
160,"(1, 2, 1)x(2, 0, 0, 12)",2292.3023812226297
161,"(2, 2, 0)x(2, 2, 1, 12)",2296.1582251019786
162,"(1, 2, 0)x(1, 2, 1, 12)",2296.893300204284
163,"(1, 2, 1)x(2, 0, 1, 12)",2300.1438062062557
164,"(2, 2, 2)x(2, 2, 1, 12)",2311.8422382751514
165,"(0, 2, 2)x(2, 1, 1, 12)",2321.4782400797494
166,"(0, 0, 1)x(2, 1, 0, 12)",2332.780624600397
167,"(0, 2, 2)x(1, 1, 2, 12)",2333.7011722604316
168,"(0, 1, 2)x(2, 2, 0, 12)",2337.3042961170822
169,"(2, 2, 1)x(2, 0, 1, 12)",2341.609834365022
170,"(2, 1, 0)x(2, 2, 0, 12)",2345.547272783445
171,"(1, 1, 2)x(2, 2, 0, 12)",2354.5245661202516
172,"(0, 0, 0)x(2, 0, 1, 12)",2356.9794623431485
173,"(2, 2, 1)x(2, 0, 0, 12)",2359.738856048216
174,"(0, 2, 2)x(1, 1, 0, 12)",2362.3556056661355
175,"(0, 0, 0)x(2, 0, 0, 12)",2363.476467840058
176,"(0, 2, 2)x(2, 0, 0, 12)",2366.3910252415967
177,"(2, 0, 0)x(2, 0, 1, 12)",2372.249180711646
178,"(0, 2, 2)x(2, 0, 1, 12)",2383.982621120415
179,"(1, 2, 1)x(2, 1, 0, 12)",2386.504035058897
180,"(0, 2, 1)x(1, 2, 0, 12)",2390.2763758783394
181,"(2, 2, 1)x(2, 2, 0, 12)",2393.5043564764223
182,"(0, 0, 2)x(2, 0, 0, 12)",2396.0857959814107
183,"(2, 2, 2)x(1, 2, 0, 12)",2404.1426089400807
184,"(0, 0, 0)x(2, 1, 0, 12)",2410.6018603926263
185,"(1, 1, 2)x(1, 2, 0, 12)",2419.478225239754
186,"(2, 0, 1)x(1, 2, 0, 12)",2428.260706216931
187,"(2, 1, 0)x(2, 0, 0, 12)",2428.7767276246673
188,"(0, 2, 2)x(2, 1, 2, 12)",2443.859489121878
189,"(2, 1, 0)x(2, 0, 1, 12)",2444.5244397267925
190,"(1, 2, 2)x(2, 0, 0, 12)",2447.9862196722383
191,"(1, 2, 1)x(1, 1, 0, 12)",2450.029544793186
192,"(1, 2, 1)x(1, 2, 0, 12)",2455.327907317487
193,"(0, 2, 2)x(1, 1, 1, 12)",2467.441641251587
194,"(2, 2, 1)x(2, 1, 0, 12)",2473.0435452934366
195,"(0, 0, 0)x(1, 1, 1, 12)",2473.515451004992
196,"(1, 2, 1)x(2, 1, 1, 12)",2481.3262723214666
197,"(0, 0, 1)x(1, 1, 1, 12)",2482.8881493548192
198,"(1, 0, 1)x(1, 1, 2, 12)",2488.297415283572
199,"(1, 2, 1)x(1, 1, 1, 12)",2493.560564906391
200,"(2, 2, 1)x(1, 1, 1, 12)",2497.55593276927
201,"(2, 1, 1)x(1, 1, 0, 12)",2497.705731095989
202,"(1, 2, 2)x(2, 1, 1, 12)",2497.8128684283265
203,"(2, 1, 1)x(2, 0, 0, 12)",2502.9484777061684
204,"(1, 1, 0)x(2, 0, 0, 12)",2509.086386465312
205,"(2, 1, 1)x(2, 0, 1, 12)",2518.3731012896837
206,"(1, 1, 0)x(2, 0, 1, 12)",2545.8108588422588
207,"(0, 0, 2)x(2, 1, 0, 12)",2549.036038855088
208,"(1, 0, 2)x(2, 1, 0, 12)",2550.9315645230445
209,"(0, 2, 1)x(2, 1, 1, 12)",2551.244054848688
210,"(0, 1, 2)x(2, 0, 0, 12)",2553.4883672619644
211,"(1, 1, 1)x(2, 0, 0, 12)",2571.8805952128428
212,"(0, 1, 2)x(2, 0, 1, 12)",2574.6304798966407
213,"(2, 2, 2)x(1, 1, 0, 12)",2589.1273711337476
214,"(1, 0, 1)x(1, 2, 0, 12)",2592.1615248965845
215,"(1, 1, 1)x(2, 0, 1, 12)",2595.6739778564292
216,"(0, 0, 2)x(1, 1, 1, 12)",2601.586999515381
217,"(0, 0, 1)x(2, 0, 0, 12)",2604.555209735362
218,"(0, 1, 1)x(2, 0, 0, 12)",2615.694461907339
219,"(1, 0, 1)x(2, 2, 0, 12)",2616.5987389373195
220,"(2, 2, 1)x(2, 1, 2, 12)",2624.1527148672258
221,"(0, 0, 0)x(1, 1, 0, 12)",2644.463566854497
222,"(0, 1, 1)x(2, 0, 1, 12)",2649.887339276083
223,"(2, 0, 0)x(1, 2, 2, 12)",2652.0016878745773
224,"(1, 0, 1)x(2, 2, 1, 12)",2654.4043823067254
225,"(1, 1, 0)x(1, 2, 0, 12)",2670.760017756789
226,"(0, 2, 1)x(1, 2, 1, 12)",2682.460482344821
227,"(2, 2, 1)x(2, 2, 1, 12)",2690.528109242062
228,"(0, 1, 2)x(1, 2, 0, 12)",2692.8725532982817
229,"(0, 0, 1)x(2, 2, 1, 12)",2695.710655045462
230,"(0, 0, 2)x(2, 2, 1, 12)",2699.8372956496496
231,"(2, 1, 1)x(2, 2, 2, 12)",2712.4947877295403
232,"(0, 0, 0)x(2, 1, 2, 12)",2712.619142336519
233,"(2, 2, 2)x(2, 0, 2, 12)",2727.6302666499414
234,"(0, 0, 2)x(1, 1, 0, 12)",2731.9729271479073
235,"(0, 0, 1)x(1, 1, 0, 12)",2736.5985003275023
236,"(2, 0, 1)x(2, 2, 1, 12)",2753.5292325524533
237,"(1, 2, 2)x(2, 2, 2, 12)",2781.9178198913824
238,"(0, 1, 0)x(1, 2, 0, 12)",2793.26622932793
239,"(1, 1, 1)x(1, 2, 0, 12)",2799.693984267919
240,"(2, 1, 2)x(2, 0, 1, 12)",2812.686760219623
241,"(1, 0, 1)x(2, 1, 2, 12)",2818.3251099352865
242,"(1, 2, 0)x(2, 1, 1, 12)",2818.4073686109186
243,"(2, 1, 2)x(1, 2, 0, 12)",2822.4464922468624
244,"(0, 2, 1)x(1, 2, 2, 12)",2830.0008239504896
245,"(1, 0, 1)x(2, 0, 1, 12)",2863.206972246228
246,"(2, 1, 1)x(2, 0, 2, 12)",2952.533520714156
247,"(0, 0, 1)x(2, 1, 2, 12)",2972.2831452591695
248,"(2, 2, 1)x(1, 2, 2, 12)",2985.435213681959
249,"(0, 0, 0)x(1, 2, 2, 12)",2997.219270133585
250,"(0, 0, 0)x(1, 2, 1, 12)",2999.5775994776645
251,"(0, 2, 1)x(2, 2, 2, 12)",3014.2084486153035
252,"(0, 0, 0)x(2, 2, 2, 12)",3026.049219260697
253,"(0, 0, 2)x(2, 2, 2, 12)",3090.4494967785104
254,"(2, 0, 1)x(1, 1, 2, 12)",3100.290029539761
255,"(0, 0, 0)x(2, 2, 1, 12)",3113.0916880619784
256,"(1, 0, 1)x(1, 2, 1, 12)",3121.549952688792
257,"(1, 0, 0)x(2, 0, 1, 12)",3128.2539893623007
258,"(0, 0, 2)x(1, 2, 1, 12)",3141.1806956548166
259,"(0, 0, 1)x(2, 2, 2, 12)",3148.270431047992
260,"(1, 1, 0)x(2, 2, 0, 12)",3148.918947921395
261,"(2, 2, 0)x(1, 1, 0, 12)",3162.0852544628215
262,"(1, 1, 2)x(2, 2, 1, 12)",3174.070071203686
263,"(0, 2, 2)x(1, 2, 1, 12)",3175.0107977927587
264,"(1, 1, 2)x(2, 0, 0, 12)",3176.450705151228
265,"(1, 1, 2)x(2, 0, 2, 12)",3229.716415864726
266,"(2, 2, 0)x(2, 1, 0, 12)",3230.570851142129
267,"(1, 2, 2)x(2, 2, 1, 12)",3232.566961434364
268,"(2, 0, 2)x(1, 2, 0, 12)",3247.8873723803686
269,"(2, 2, 0)x(1, 1, 1, 12)",3275.6363074220494
270,"(2, 1, 2)x(2, 0, 0, 12)",3277.0714182569204
271,"(2, 2, 0)x(1, 1, 2, 12)",3393.9842953393363
272,"(0, 2, 2)x(1, 2, 0, 12)",3413.5490139121516
273,"(1, 2, 0)x(1, 2, 0, 12)",3439.537417977124
274,"(2, 2, 2)x(1, 1, 2, 12)",3474.0898604003964
275,"(1, 2, 1)x(1, 2, 1, 12)",3518.381565975057
276,"(0, 2, 0)x(1, 2, 0, 12)",3584.9709748005257
277,"(2, 2, 2)x(1, 2, 1, 12)",3589.4781058138524
278,"(0, 0, 2)x(1, 1, 2, 12)",3609.75325969736
279,"(1, 0, 2)x(2, 0, 1, 12)",3748.660359010859
280,"(2, 0, 0)x(2, 0, 0, 12)",3798.6055505247155
281,"(2, 0, 1)x(2, 0, 1, 12)",3856.643806156393
282,"(1, 2, 0)x(2, 1, 2, 12)",3984.8870459667623
283,"(0, 2, 0)x(1, 2, 2, 12)",3985.9626788098785
284,"(1, 0, 1)x(2, 0, 0, 12)",4033.5369490863277
285,"(2, 0, 1)x(2, 0, 0, 12)",4078.7937439114494
286,"(1, 0, 2)x(2, 0, 0, 12)",4093.317902217267
287,"(2, 0, 2)x(2, 0, 2, 12)",4243.970101566984
288,"(2, 2, 1)x(2, 0, 2, 12)",4485.810786487472
289,"(2, 1, 2)x(1, 0, 2, 12)",4723.425116023352
290,"(2, 2, 1)x(1, 2, 0, 12)",4789.107046382799
291,"(2, 1, 2)x(2, 2, 1, 12)",4809.076051695533
292,"(1, 2, 0)x(1, 2, 2, 12)",4915.613652313314
293,"(2, 0, 2)x(0, 2, 1, 12)",4919.8475925912135
294,"(1, 2, 0)x(2, 2, 1, 12)",4936.258112923688
295,"(1, 0, 0)x(1, 1, 2, 12)",4965.169086382224
296,"(2, 2, 1)x(1, 0, 1, 12)",5046.593258289211
297,"(1, 2, 2)x(2, 2, 0, 12)",5097.617642458642
298,"(0, 2, 2)x(1, 0, 1, 12)",5136.0684004460245
299,"(2, 1, 0)x(1, 0, 1, 12)",5149.647361226904
300,"(2, 2, 2)x(1, 0, 2, 12)",5153.132628430316
301,"(2, 2, 0)x(2, 1, 1, 12)",5157.1845881937925
302,"(2, 2, 2)x(1, 0, 1, 12)",5161.9470171121
303,"(0, 1, 0)x(1, 0, 1, 12)",5165.1544856755545
304,"(1, 2, 2)x(1, 0, 1, 12)",5179.533283215233
305,"(2, 1, 2)x(1, 2, 2, 12)",5262.815796310172
306,"(0, 0, 1)x(1, 2, 2, 12)",5292.084427065732
307,"(2, 1, 1)x(1, 0, 1, 12)",5325.0612198664685
308,"(2, 1, 2)x(1, 0, 1, 12)",5352.516992236117
309,"(0, 2, 2)x(0, 0, 2, 12)",5493.042743457921
310,"(1, 1, 2)x(0, 0, 2, 12)",5518.521484142937
311,"(0, 1, 1)x(1, 0, 1, 12)",5523.363938283037
312,"(1, 1, 2)x(1, 0, 1, 12)",5538.81105076338
313,"(1, 1, 1)x(1, 0, 1, 12)",5547.8956843435335
314,"(0, 1, 2)x(1, 0, 1, 12)",5556.341812324504
315,"(1, 1, 0)x(0, 0, 2, 12)",5568.097841397583
316,"(1, 1, 0)x(1, 0, 1, 12)",5572.556143898539
317,"(0, 1, 1)x(0, 0, 2, 12)",5576.909323369415
318,"(1, 2, 2)x(0, 0, 2, 12)",5579.744967618191
319,"(2, 2, 0)x(1, 2, 1, 12)",5582.122293233565
320,"(2, 1, 1)x(0, 0, 2, 12)",5590.5889855036
321,"(1, 1, 1)x(0, 0, 2, 12)",5597.327728629038
322,"(2, 2, 1)x(0, 0, 2, 12)",5601.543722613987
323,"(2, 0, 2)x(0, 0, 2, 12)",5666.6264827858695
324,"(0, 2, 2)x(1, 0, 2, 12)",5696.1865575042275
325,"(2, 0, 2)x(2, 0, 1, 12)",5696.789264568502
326,"(2, 1, 0)x(0, 0, 2, 12)",5701.116829649604
327,"(0, 1, 2)x(0, 0, 2, 12)",5732.531680759377
328,"(2, 2, 2)x(0, 0, 2, 12)",5743.528086903311
329,"(1, 2, 0)x(2, 1, 0, 12)",5750.613669406215
330,"(2, 2, 1)x(1, 0, 2, 12)",5774.703017940088
331,"(1, 1, 2)x(1, 0, 2, 12)",5820.170328744831
332,"(1, 2, 0)x(1, 1, 1, 12)",5873.608908273695
333,"(1, 2, 2)x(1, 0, 2, 12)",5878.37487924719
334,"(0, 1, 0)x(0, 0, 2, 12)",5954.102441221709
335,"(1, 0, 0)x(0, 0, 2, 12)",5983.577618722072
336,"(1, 2, 1)x(2, 2, 1, 12)",5995.989737259714
337,"(1, 2, 0)x(1, 1, 2, 12)",6312.538419021884
338,"(2, 1, 2)x(0, 0, 2, 12)",6329.854580809683
339,"(2, 0, 2)x(0, 1, 1, 12)",6653.861545519787
340,"(2, 2, 0)x(2, 2, 0, 12)",6763.524983126909
341,"(2, 1, 0)x(0, 1, 2, 12)",6793.396501291679
342,"(0, 1, 1)x(0, 1, 2, 12)",6795.399436125181
343,"(1, 1, 2)x(0, 1, 2, 12)",6798.7504074405915
344,"(0, 1, 2)x(0, 1, 2, 12)",6821.127617264609
345,"(1, 1, 1)x(0, 1, 2, 12)",6839.9645681866905
346,"(2, 1, 2)x(0, 1, 2, 12)",6840.796226288074
347,"(2, 1, 1)x(1, 0, 2, 12)",6891.300460645311
348,"(2, 0, 2)x(0, 1, 0, 12)",6893.397019101874
349,"(1, 0, 1)x(0, 0, 2, 12)",7031.440921516437
350,"(0, 1, 2)x(1, 0, 2, 12)",7032.089792494241
351,"(1, 1, 1)x(1, 0, 2, 12)",7046.755907713952
352,"(2, 1, 1)x(0, 1, 2, 12)",7079.039200382781
353,"(1, 1, 0)x(0, 1, 2, 12)",7101.041321103898
354,"(0, 1, 1)x(1, 0, 2, 12)",7112.96415839984
355,"(1, 0, 0)x(0, 1, 2, 12)",7115.712739495633
356,"(0, 0, 1)x(0, 1, 2, 12)",7128.268927788357
357,"(2, 1, 0)x(1, 0, 2, 12)",7131.237146343462
358,"(2, 0, 0)x(0, 1, 2, 12)",7132.796911143582
359,"(1, 2, 1)x(1, 0, 2, 12)",7159.097886956934
360,"(0, 1, 0)x(0, 1, 2, 12)",7193.02939159444
361,"(2, 0, 1)x(0, 1, 2, 12)",7200.451954588667
362,"(1, 0, 1)x(0, 1, 2, 12)",7216.129079861699
363,"(2, 0, 2)x(0, 1, 2, 12)",7221.822181098965
364,"(1, 0, 2)x(0, 1, 2, 12)",7239.208135976065
365,"(1, 2, 1)x(0, 2, 2, 12)",7275.972258038819
366,"(0, 2, 2)x(1, 2, 2, 12)",7304.019825409172
367,"(2, 2, 1)x(0, 1, 2, 12)",7418.540315899554
368,"(0, 2, 2)x(0, 1, 2, 12)",7434.5620438082
369,"(0, 2, 2)x(0, 2, 2, 12)",7435.528703773468
370,"(1, 0, 2)x(0, 2, 2, 12)",7466.3093450524575
371,"(0, 1, 2)x(0, 2, 2, 12)",7529.73884573726
372,"(0, 0, 2)x(0, 1, 2, 12)",7564.249954391132
373,"(0, 1, 1)x(0, 2, 2, 12)",7565.310364215144
374,"(1, 2, 2)x(0, 1, 2, 12)",7582.114697541474
375,"(0, 1, 1)x(0, 1, 1, 12)",7624.251079238925
376,"(2, 1, 2)x(0, 1, 1, 12)",7625.994772710355
377,"(1, 1, 0)x(0, 1, 1, 12)",7647.8809302647
378,"(2, 0, 2)x(0, 2, 2, 12)",7648.319513514169
379,"(2, 1, 1)x(0, 1, 1, 12)",7698.384815359618
380,"(0, 1, 2)x(0, 1, 1, 12)",7698.515534872039
381,"(1, 1, 1)x(0, 1, 1, 12)",7706.596755715704
382,"(1, 1, 0)x(0, 2, 2, 12)",7719.980726230275
383,"(1, 1, 2)x(0, 1, 1, 12)",7722.798279108984
384,"(2, 0, 0)x(1, 0, 1, 12)",7736.50252860057
385,"(2, 1, 0)x(0, 1, 1, 12)",7742.806744913052
386,"(2, 0, 0)x(0, 1, 1, 12)",7765.755909859206
387,"(1, 0, 1)x(0, 2, 2, 12)",7783.883555490236
388,"(0, 0, 1)x(0, 1, 1, 12)",7788.168287113166
389,"(0, 1, 0)x(1, 0, 2, 12)",7848.069813764461
390,"(2, 1, 2)x(1, 0, 0, 12)",7880.5195082565315
391,"(2, 0, 1)x(0, 1, 1, 12)",7890.806677160385
392,"(0, 0, 0)x(1, 0, 2, 12)",7905.671650483743
393,"(0, 0, 0)x(1, 0, 1, 12)",7918.901476707689
394,"(0, 0, 1)x(1, 0, 1, 12)",7920.781625716745
395,"(0, 0, 0)x(0, 1, 1, 12)",7936.828455134442
396,"(2, 0, 1)x(0, 0, 2, 12)",7949.5963332866295
397,"(2, 2, 1)x(0, 2, 2, 12)",7954.370464121827
398,"(1, 0, 2)x(0, 1, 1, 12)",7983.943017880345
399,"(1, 0, 2)x(0, 0, 2, 12)",8028.4154204426595
400,"(2, 0, 1)x(1, 0, 2, 12)",8080.527849408954
401,"(2, 2, 2)x(0, 1, 2, 12)",8101.525161682323
402,"(0, 1, 0)x(0, 1, 1, 12)",8144.096459369534
403,"(2, 1, 2)x(0, 2, 2, 12)",8150.558131718486
404,"(2, 0, 1)x(1, 0, 1, 12)",8159.77728746117
405,"(0, 0, 0)x(0, 1, 2, 12)",8169.566342930421
406,"(0, 0, 2)x(1, 0, 1, 12)",8183.107101249501
407,"(1, 1, 0)x(1, 0, 2, 12)",8189.109401213325
408,"(1, 0, 0)x(0, 1, 1, 12)",8196.008630267492
409,"(0, 1, 0)x(1, 0, 0, 12)",8209.380322568357
410,"(0, 0, 2)x(0, 1, 1, 12)",8247.292441977428
411,"(1, 0, 0)x(0, 2, 2, 12)",8258.914479121237
412,"(2, 1, 0)x(0, 2, 2, 12)",8259.73609915732
413,"(0, 1, 0)x(0, 2, 2, 12)",8293.87481992375
414,"(2, 2, 1)x(1, 0, 0, 12)",8299.59104745415
415,"(1, 1, 1)x(0, 2, 2, 12)",8357.284192261004
416,"(1, 2, 1)x(0, 1, 2, 12)",8375.39286110619
417,"(2, 1, 0)x(1, 0, 0, 12)",8457.858672166825
418,"(1, 0, 1)x(0, 1, 1, 12)",8536.224305318548
419,"(2, 1, 2)x(1, 1, 1, 12)",8564.507664396344
420,"(1, 0, 1)x(1, 0, 1, 12)",8570.265993545381
421,"(1, 0, 2)x(1, 0, 1, 12)",8581.068053408419
422,"(0, 0, 1)x(1, 0, 2, 12)",8583.556009866432
423,"(2, 1, 2)x(0, 0, 1, 12)",8609.339077595761
424,"(1, 0, 1)x(1, 0, 2, 12)",8644.882793289198
425,"(2, 2, 1)x(0, 0, 1, 12)",8680.279954914555
426,"(0, 2, 2)x(1, 0, 0, 12)",8697.978825646276
427,"(2, 2, 1)x(0, 0, 0, 12)",8758.100791220815
428,"(1, 0, 0)x(1, 0, 2, 12)",8775.182180985466
429,"(2, 2, 1)x(0, 1, 1, 12)",8812.054764373754
430,"(2, 2, 2)x(1, 0, 0, 12)",8835.48671636604
431,"(2, 1, 2)x(0, 0, 0, 12)",8869.9975313184
432,"(2, 0, 1)x(0, 2, 2, 12)",8874.402256893845
433,"(0, 2, 0)x(2, 1, 1, 12)",8910.824799762422
434,"(0, 1, 0)x(0, 0, 1, 12)",8923.46584382154
435,"(0, 1, 1)x(1, 2, 2, 12)",8941.72334662031
436,"(2, 1, 1)x(1, 0, 0, 12)",8962.536930248867
437,"(0, 2, 0)x(1, 1, 0, 12)",8966.461317763416
438,"(2, 1, 0)x(0, 0, 1, 12)",8974.177249356233
439,"(2, 0, 2)x(1, 0, 1, 12)",8982.064008563204
440,"(0, 1, 0)x(0, 0, 0, 12)",9007.786131952122
441,"(2, 1, 0)x(0, 0, 0, 12)",9021.232259821865
442,"(0, 2, 2)x(0, 0, 0, 12)",9048.43144387977
443,"(0, 2, 2)x(0, 0, 1, 12)",9071.485836985885
444,"(0, 2, 2)x(0, 1, 1, 12)",9083.952699084233
445,"(1, 2, 2)x(0, 2, 2, 12)",9087.334924958777
446,"(2, 0, 0)x(0, 2, 2, 12)",9143.21144212419
447,"(2, 2, 2)x(0, 0, 0, 12)",9183.389495970458
448,"(2, 2, 2)x(0, 0, 1, 12)",9185.977046668662
449,"(2, 2, 2)x(0, 1, 1, 12)",9190.000300530844
450,"(1, 1, 2)x(1, 0, 0, 12)",9195.277727616547
451,"(0, 1, 1)x(1, 0, 0, 12)",9254.9329763495
452,"(2, 0, 0)x(0, 0, 2, 12)",9270.799483258
453,"(1, 2, 2)x(1, 0, 0, 12)",9293.557677459325
454,"(0, 2, 0)x(2, 1, 0, 12)",9306.580646884995
455,"(0, 0, 0)x(0, 2, 2, 12)",9311.420710114402
456,"(2, 1, 1)x(0, 0, 0, 12)",9372.26110502511
457,"(2, 1, 1)x(0, 0, 1, 12)",9389.591993007632
458,"(2, 0, 0)x(0, 1, 0, 12)",9392.511613361698
459,"(0, 2, 0)x(1, 1, 2, 12)",9461.038318637806
460,"(1, 1, 2)x(0, 0, 0, 12)",9482.841005684959
461,"(1, 2, 2)x(0, 1, 1, 12)",9487.341585656131
462,"(1, 0, 0)x(1, 0, 0, 12)",9516.953060960459
463,"(0, 2, 0)x(1, 1, 1, 12)",9526.05130829145
464,"(0, 1, 2)x(1, 0, 0, 12)",9570.88771748781
465,"(1, 1, 1)x(1, 0, 0, 12)",9572.21346620933
466,"(1, 1, 2)x(0, 0, 1, 12)",9575.35218356991
467,"(0, 1, 1)x(0, 0, 0, 12)",9594.90915350327
468,"(1, 2, 2)x(0, 0, 0, 12)",9621.485412203256
469,"(1, 2, 2)x(0, 0, 1, 12)",9648.682821337221
470,"(0, 1, 1)x(0, 0, 1, 12)",9649.914397860006
471,"(2, 0, 2)x(1, 0, 2, 12)",9802.932090780982
472,"(0, 1, 2)x(0, 0, 0, 12)",9830.486183602969
473,"(1, 1, 2)x(0, 2, 2, 12)",9865.856779632404
474,"(1, 1, 0)x(1, 0, 0, 12)",9879.821695373323
475,"(0, 1, 2)x(0, 0, 1, 12)",9916.22170863591
476,"(1, 1, 1)x(0, 0, 0, 12)",9929.617804296944
477,"(2, 0, 1)x(0, 1, 0, 12)",9947.23954775682
478,"(0, 0, 0)x(0, 1, 0, 12)",9972.203286642742
479,"(1, 1, 1)x(0, 0, 1, 12)",9976.908873720526
480,"(0, 0, 2)x(1, 0, 0, 12)",9977.757765434237
481,"(0, 0, 1)x(0, 1, 0, 12)",9979.178469256916
482,"(2, 0, 0)x(0, 2, 1, 12)",9979.964519453562
483,"(0, 0, 2)x(0, 1, 0, 12)",10004.649991929176
484,"(2, 2, 0)x(1, 2, 2, 12)",10023.717987963078
485,"(1, 2, 1)x(1, 1, 2, 12)",10033.037754836376
486,"(0, 0, 2)x(0, 2, 2, 12)",10043.45917435059
487,"(2, 0, 0)x(1, 0, 2, 12)",10115.796338768223
488,"(0, 2, 0)x(2, 2, 0, 12)",10196.56077189257
489,"(1, 0, 2)x(1, 0, 2, 12)",10302.83319446107
490,"(1, 1, 0)x(0, 1, 0, 12)",10306.135225673615
491,"(1, 1, 0)x(0, 2, 1, 12)",10341.279611990412
492,"(1, 1, 0)x(0, 0, 0, 12)",10364.381222890464
493,"(2, 2, 2)x(2, 1, 0, 12)",10365.556149542064
494,"(1, 1, 0)x(0, 0, 1, 12)",10382.930139312943
495,"(0, 0, 2)x(1, 2, 2, 12)",10457.138660677854
496,"(1, 0, 2)x(0, 1, 0, 12)",10464.962247359852
497,"(1, 0, 0)x(0, 0, 1, 12)",10514.395753462193
498,"(0, 0, 1)x(1, 0, 0, 12)",10524.109694392002
499,"(1, 0, 1)x(0, 1, 0, 12)",10618.784858744739
500,"(1, 2, 1)x(0, 2, 1, 12)",10697.540895062202
501,"(0, 0, 0)x(1, 0, 0, 12)",10701.638780157644
502,"(1, 0, 0)x(0, 0, 0, 12)",10726.132837505796
503,"(0, 2, 2)x(0, 2, 1, 12)",10790.880641483916
504,"(0, 0, 0)x(0, 2, 1, 12)",10797.652471141419
505,"(0, 0, 1)x(0, 2, 1, 12)",10801.56805694559
506,"(1, 2, 2)x(0, 1, 0, 12)",11008.666606213135
507,"(0, 0, 2)x(0, 2, 1, 12)",11351.261747753031
508,"(0, 0, 1)x(2, 0, 1, 12)",11377.203755080653
509,"(1, 0, 2)x(0, 2, 1, 12)",11465.32891199264
510,"(0, 0, 1)x(0, 2, 2, 12)",11531.24681787882
511,"(1, 1, 1)x(0, 2, 1, 12)",11711.469992407161
512,"(2, 1, 2)x(0, 2, 1, 12)",11738.223903661312
513,"(2, 0, 1)x(0, 2, 1, 12)",11931.488995222535
514,"(1, 1, 1)x(0, 1, 0, 12)",11995.885473623566
515,"(1, 0, 0)x(0, 1, 0, 12)",12023.107933516329
516,"(0, 2, 0)x(2, 1, 2, 12)",12109.95639091525
517,"(1, 0, 1)x(1, 0, 0, 12)",12129.111616929793
518,"(0, 2, 2)x(0, 1, 0, 12)",12211.719957832644
519,"(2, 2, 2)x(1, 2, 2, 12)",12278.554547535356
520,"(2, 2, 2)x(0, 1, 0, 12)",12360.930685238025
521,"(0, 1, 1)x(0, 2, 1, 12)",12460.153386775191
522,"(1, 0, 1)x(0, 2, 1, 12)",12683.968903359388
523,"(1, 2, 2)x(0, 2, 1, 12)",12879.377845446428
524,"(0, 1, 1)x(0, 1, 0, 12)",12918.691964416184
525,"(0, 1, 2)x(0, 1, 0, 12)",12970.571247888567
526,"(2, 0, 2)x(1, 0, 0, 12)",13054.18560031939
527,"(1, 0, 1)x(1, 2, 2, 12)",13113.350483047278
528,"(1, 0, 1)x(0, 0, 1, 12)",13117.717497186388
529,"(0, 1, 2)x(0, 2, 1, 12)",13220.352401804912
530,"(2, 1, 1)x(0, 2, 1, 12)",13244.204704286234
531,"(2, 1, 1)x(0, 1, 0, 12)",13329.519313593739
532,"(1, 0, 1)x(0, 0, 0, 12)",13490.377326016576
533,"(2, 2, 0)x(2, 0, 2, 12)",13635.571386303109
534,"(1, 0, 2)x(1, 0, 0, 12)",13817.723386826088
535,"(2, 0, 1)x(1, 0, 0, 12)",14031.599760080346
536,"(0, 0, 1)x(1, 2, 1, 12)",14133.252767711889
537,"(2, 0, 2)x(0, 0, 1, 12)",14171.314804154523
538,"(2, 1, 0)x(0, 1, 0, 12)",14349.169036931271
539,"(2, 0, 2)x(0, 0, 0, 12)",14669.378982092854
540,"(1, 0, 2)x(0, 0, 1, 12)",14961.468527711288
541,"(2, 2, 2)x(0, 2, 1, 12)",15050.705610683688
542,"(2, 1, 0)x(0, 2, 1, 12)",15096.875694350549
543,"(2, 1, 2)x(0, 1, 0, 12)",15272.837753453618
544,"(1, 1, 2)x(0, 1, 0, 12)",15305.938798433664
545,"(2, 0, 1)x(0, 0, 1, 12)",15428.987036176803
546,"(1, 0, 2)x(0, 0, 0, 12)",15451.332300046299
547,"(0, 1, 0)x(0, 1, 0, 12)",15558.444041064746
548,"(2, 0, 0)x(1, 0, 0, 12)",15725.511837115817
549,"(1, 0, 0)x(0, 2, 1, 12)",15954.17709898765
550,"(2, 0, 1)x(0, 0, 0, 12)",16081.208838907556
551,"(0, 1, 0)x(0, 2, 1, 12)",16160.380371776946
552,"(1, 1, 2)x(0, 2, 1, 12)",16419.72510756516
553,"(2, 0, 2)x(0, 2, 0, 12)",16574.244530075513
554,"(1, 2, 0)x(2, 0, 2, 12)",17162.524921896173
555,"(2, 2, 0)x(2, 0, 1, 12)",17173.673100384174
556,"(2, 2, 0)x(2, 0, 0, 12)",17437.2483490986
557,"(2, 0, 0)x(0, 0, 1, 12)",17793.36090967779
558,"(0, 2, 0)x(2, 0, 2, 12)",18691.46598872089
559,"(2, 0, 0)x(0, 0, 0, 12)",18827.850222769404
560,"(1, 2, 0)x(2, 0, 0, 12)",19951.534936577405
561,"(1, 2, 0)x(2, 0, 1, 12)",20017.028089735268
562,"(0, 0, 2)x(2, 0, 2, 12)",20400.457108323862
563,"(0, 0, 0)x(0, 0, 2, 12)",21857.56325900499
564,"(0, 2, 0)x(2, 0, 1, 12)",21888.34483859561
565,"(0, 0, 1)x(0, 0, 2, 12)",22464.134496287006
566,"(2, 2, 0)x(0, 1, 2, 12)",22468.98643826974
567,"(0, 2, 0)x(2, 0, 0, 12)",22857.715017021983
568,"(0, 0, 2)x(0, 0, 2, 12)",24994.370143377328
569,"(0, 2, 1)x(0, 1, 2, 12)",25756.982563662972
570,"(1, 2, 0)x(0, 1, 2, 12)",25813.87879559426
571,"(0, 2, 0)x(0, 1, 2, 12)",25832.19149013804
572,"(2, 0, 0)x(0, 2, 0, 12)",26348.351295075227
573,"(1, 2, 2)x(0, 2, 0, 12)",27664.845073169592
574,"(1, 1, 0)x(0, 2, 0, 12)",28403.24209257041
575,"(2, 0, 1)x(0, 2, 0, 12)",29276.77072065487
576,"(0, 0, 1)x(0, 2, 0, 12)",29833.29201143772
577,"(0, 0, 0)x(0, 2, 0, 12)",29834.104308837188
578,"(0, 0, 2)x(0, 2, 0, 12)",29934.977218689794
579,"(1, 0, 1)x(0, 2, 0, 12)",30280.048445910434
580,"(0, 2, 1)x(1, 0, 2, 12)",30360.0167960465
581,"(0, 0, 1)x(2, 0, 2, 12)",31434.739465500286
582,"(0, 1, 1)x(0, 2, 0, 12)",31523.979882169908
583,"(0, 2, 2)x(0, 2, 0, 12)",31578.13663265306
584,"(0, 0, 1)x(0, 0, 1, 12)",31584.985771165288
585,"(0, 0, 2)x(0, 0, 1, 12)",31707.28328254546
586,"(0, 0, 0)x(0, 0, 1, 12)",31740.698019938678
587,"(2, 2, 0)x(1, 0, 2, 12)",32019.559444787406
588,"(1, 0, 2)x(0, 2, 0, 12)",32566.4262045561
589,"(0, 0, 2)x(1, 0, 2, 12)",33778.6819809861
590,"(1, 1, 1)x(0, 2, 0, 12)",33980.161202322146
591,"(0, 0, 2)x(0, 0, 0, 12)",35634.85919936811
592,"(0, 0, 1)x(0, 0, 0, 12)",35949.70461870325
593,"(2, 2, 2)x(2, 2, 0, 12)",36309.52491413974
594,"(2, 2, 1)x(1, 2, 1, 12)",36309.52491413974
595,"(0, 0, 0)x(0, 0, 0, 12)",36309.52491413974
596,"(0, 2, 1)x(2, 2, 0, 12)",36309.52491413974
597,"(1, 0, 0)x(1, 2, 0, 12)",36309.52491413974
598,"(1, 2, 1)x(1, 2, 2, 12)",36309.52491413974
599,"(1, 0, 0)x(2, 2, 0, 12)",36309.52491413974
600,"(2, 1, 0)x(1, 2, 0, 12)",36309.52491413974
601,"(1, 0, 2)x(2, 2, 2, 12)",36309.52491413974
602,"(2, 0, 2)x(2, 2, 0, 12)",36309.52491413974
603,"(1, 2, 0)x(2, 2, 2, 12)",36309.52491413974
604,"(1, 0, 0)x(2, 2, 2, 12)",36309.52491413974
605,"(2, 0, 0)x(1, 2, 1, 12)",36309.52491413974
606,"(0, 1, 1)x(2, 1, 2, 12)",36309.52491413974
607,"(1, 2, 0)x(1, 0, 2, 12)",36329.49886907015
608,"(0, 2, 0)x(1, 0, 2, 12)",37335.43573560062
609,"(2, 2, 2)x(0, 2, 2, 12)",38950.58081880874
610,"(1, 0, 0)x(0, 2, 0, 12)",39351.377380951024
611,"(2, 2, 2)x(0, 2, 0, 12)",40951.300074019346
612,"(1, 2, 0)x(0, 2, 2, 12)",41271.462191840415
613,"(2, 2, 0)x(1, 0, 1, 12)",41298.71791087891
614,"(2, 1, 1)x(0, 2, 0, 12)",41462.55332956359
615,"(0, 1, 2)x(0, 2, 0, 12)",41636.96355017056
616,"(2, 2, 0)x(0, 0, 2, 12)",43478.168538847196
617,"(0, 2, 0)x(1, 0, 1, 12)",46390.42474057413
618,"(1, 2, 0)x(1, 0, 1, 12)",46606.5132561526
619,"(0, 2, 1)x(1, 0, 1, 12)",47430.67096079428
620,"(2, 2, 0)x(0, 2, 2, 12)",47839.06038166117
621,"(2, 1, 2)x(0, 2, 0, 12)",48103.73477551382
622,"(2, 1, 0)x(0, 2, 0, 12)",48114.397130635596
623,"(1, 1, 2)x(0, 2, 0, 12)",48120.824618907456
624,"(0, 2, 1)x(0, 0, 2, 12)",48543.115859027064
625,"(2, 1, 1)x(0, 2, 2, 12)",48855.46134395023
626,"(1, 2, 0)x(0, 0, 2, 12)",49344.2606736117
627,"(0, 2, 0)x(0, 1, 1, 12)",49943.088712256336
628,"(0, 2, 0)x(0, 0, 2, 12)",50542.410397221036
629,"(0, 1, 0)x(0, 2, 0, 12)",50843.48070921365
630,"(1, 2, 0)x(0, 1, 1, 12)",51081.41596847882
631,"(2, 2, 1)x(0, 1, 0, 12)",51227.510393093246
632,"(1, 2, 1)x(1, 0, 1, 12)",51673.30670053563
633,"(1, 2, 1)x(0, 1, 1, 12)",51894.16984483392
634,"(2, 2, 0)x(0, 1, 1, 12)",52034.34968886105
635,"(1, 2, 1)x(0, 0, 2, 12)",53706.29095623559
636,"(0, 2, 1)x(0, 1, 1, 12)",54783.49557315032
637,"(0, 2, 0)x(0, 2, 2, 12)",57077.56833438127
638,"(0, 2, 1)x(0, 2, 2, 12)",59146.59912398465
639,"(2, 2, 1)x(0, 2, 1, 12)",61367.45982741523
640,"(2, 2, 0)x(0, 2, 1, 12)",63935.64949745337
641,"(2, 2, 0)x(0, 1, 0, 12)",64785.43483714074
642,"(0, 2, 1)x(0, 2, 1, 12)",69989.626764292
643,"(2, 2, 0)x(1, 0, 0, 12)",70040.13555609857
644,"(0, 2, 0)x(0, 2, 1, 12)",70167.00234051127
645,"(0, 2, 1)x(0, 1, 0, 12)",70427.8434738156
646,"(0, 2, 0)x(0, 1, 0, 12)",70620.29777211149
647,"(2, 2, 0)x(0, 0, 0, 12)",71595.56182939328
648,"(2, 2, 0)x(0, 0, 1, 12)",71632.9003422501
649,"(0, 2, 0)x(1, 0, 0, 12)",72337.00638652942
650,"(1, 2, 0)x(0, 2, 1, 12)",72503.20540673455
651,"(1, 2, 0)x(0, 1, 0, 12)",72814.79794601393
652,"(1, 2, 0)x(1, 0, 0, 12)",74138.9339164452
653,"(0, 2, 0)x(0, 0, 1, 12)",74164.44804090353
654,"(0, 2, 0)x(0, 0, 0, 12)",74198.69149242977
655,"(1, 2, 1)x(0, 1, 0, 12)",75367.50952581163
656,"(1, 1, 1)x(2, 1, 1, 12)",75451.32197893292
657,"(1, 2, 0)x(0, 0, 1, 12)",76157.57186167232
658,"(1, 2, 0)x(0, 0, 0, 12)",76329.41235546027
659,"(0, 2, 1)x(1, 0, 0, 12)",78190.01272111564
660,"(1, 2, 1)x(1, 0, 0, 12)",79631.30768587899
661,"(0, 2, 1)x(0, 0, 1, 12)",80038.07729161941
662,"(0, 2, 1)x(0, 0, 0, 12)",80101.4835030884
663,"(1, 2, 1)x(0, 0, 1, 12)",81499.6591869205
664,"(1, 2, 1)x(0, 0, 0, 12)",81612.80048300419
665,"(2, 2, 1)x(0, 2, 0, 12)",144157.64038663878
666,"(2, 2, 0)x(0, 2, 0, 12)",152519.10331598853
667,"(0, 2, 1)x(0, 2, 0, 12)",156132.9419039688
668,"(0, 2, 0)x(0, 2, 0, 12)",159453.72519015722
669,"(1, 2, 0)x(0, 2, 0, 12)",163361.95948083352
670,"(2, 0, 0)x(2, 1, 2, 12)",199538.37835285504
671,"(1, 2, 1)x(0, 2, 0, 12)",255125.34108580215
672,"(1, 0, 1)x(2, 2, 2, 12)",315358.193700601
673,"(2, 2, 2)x(2, 1, 1, 12)",328505.6616199579
674,"(1, 1, 1)x(2, 1, 2, 12)",343597.6774952968
675,"(1, 1, 0)x(2, 1, 1, 12)",453864.5270931763
676,"(0, 1, 1)x(2, 2, 1, 12)",9185298.035036357
677,"(2, 0, 0)x(2, 2, 1, 12)",11044504.255094113
678,"(1, 2, 2)x(1, 2, 2, 12)",11640323.799340613
679,"(0, 1, 2)x(2, 1, 2, 12)",19470983.489429027
680,"(1, 1, 2)x(1, 1, 0, 12)",28654287.0960507
681,"(1, 2, 2)x(1, 1, 1, 12)",62383513.14508852
682,"(1, 0, 0)x(2, 2, 1, 12)",78296600.84153642
683,"(1, 2, 1)x(2, 1, 2, 12)",165099011.36481777
684,"(0, 2, 2)x(2, 2, 1, 12)",286636769.2582277
685,"(2, 2, 0)x(1, 2, 0, 12)",722022628.8199917
686,"(1, 2, 2)x(1, 2, 1, 12)",1546384814.5579915
687,"(2, 1, 1)x(2, 2, 0, 12)",1692019742.1798494
688,"(2, 1, 2)x(1, 2, 1, 12)",2015297001.4239779
689,"(1, 1, 0)x(1, 2, 1, 12)",2151188424.350347
690,"(2, 1, 2)x(2, 2, 2, 12)",2206585384.0330367
691,"(1, 2, 2)x(1, 2, 0, 12)",2555630638.396764
692,"(2, 1, 1)x(2, 2, 1, 12)",3902402443.131997
693,"(2, 2, 1)x(2, 1, 1, 12)",4839057125.555381
694,"(1, 1, 1)x(2, 2, 2, 12)",11464081926.366468
695,"(2, 1, 1)x(1, 2, 2, 12)",22083553547.89748
696,"(0, 2, 2)x(2, 2, 2, 12)",22490610006.140278
697,"(1, 2, 1)x(2, 2, 2, 12)",96137695962.27559
698,"(2, 2, 2)x(2, 2, 2, 12)",236400432426.88034
699,"(1, 2, 0)x(2, 2, 0, 12)",2493426913056.102
